INSERT INTO publication VALUES(
    '0018408',
    'Dark Matter'
);

INSERT INTO publication VALUES(
    'KVLDB3_21',
    'Color Science'
);

INSERT INTO publication VALUES(
    '0039466',
    'Dark Matter 2'
);

INSERT INTO publication VALUES(
    '0054561',
    'String Theory 1'
);

INSERT INTO publication VALUES(
    '0054562',
    'String Theory 2'
);

INSERT INTO book VALUES(
    '0054561',
    'The Holand',
    2018
);

INSERT INTO book VALUES(
    '0054562',
    'The Holand',
    2020
);

INSERT INTO book VALUES(
    '0018408',
    'The Holand',
    2012
);

INSERT INTO book VALUES(
    '0039466',
    'The Holand',
    2016
);

INSERT INTO journal VALUES(
    'KVLDB3_21',
    2,
    4,
    2014
);

INSERT INTO wrote VALUES(
    1,
    '0054561',
    1
);

INSERT INTO wrote VALUES(
    4,
    '0054561',
    2
);

INSERT INTO wrote VALUES(
    25,
    '0054561',
    3
);

INSERT INTO wrote VALUES(
    10,
    '0054561',
    4
);

INSERT INTO wrote VALUES(
    16,
    '0054561',
    5
);

INSERT INTO wrote VALUES(
    1,
    '0054562',
    1
);

INSERT INTO wrote VALUES(
    21,
    '0054562',
    2
);

INSERT INTO wrote VALUES(
    1,
    '0018408',
    1
);

INSERT INTO wrote VALUES(
    7,
    '0018408',
    2
);

INSERT INTO wrote VALUES(
    14,
    '0018408',
    3
);

INSERT INTO wrote VALUES(
    1,
    'KVLDB3_21',
    1
);

INSERT INTO wrote VALUES(
    34,
    'KVLDB3_21',
    2
);

INSERT INTO wrote VALUES(
    26,
    'KVLDB3_21',
    3
);

INSERT INTO wrote VALUES(
    33,
    'KVLDB3_21',
    4
);

INSERT INTO wrote VALUES(
    19,
    '0039466',
    1
);

INSERT INTO wrote VALUES(
    13,
    '0039466',
    2
);

INSERT INTO wrote VALUES(
    1,
    '0039466',
    3
);

INSERT INTO wrote VALUES(
    4,
    '0039466',
    4
);

INSERT INTO wrote VALUES(
    21,
    '0039466',
    5
);

INSERT INTO wrote VALUES(
    30,
    '0039466',
    6
);

INSERT INTO author VALUES (
    36,
    'John',
    ''
)